command,mean,stddev,median,user,system,min,max
_build/gsearch informatyka /run/media/gadzbi/GryIFilmy/baza_mgr_reduced,18.75067482474,0,18.75067482474,12.88049732,6.3221315,18.75067482474,18.75067482474
_build/rg -lcUz informatyka /run/media/gadzbi/GryIFilmy/baza_mgr_reduced/*,31.531476235739998,0,31.531476235739998,2.02613232,6.0202255,31.531476235739998,31.531476235739998
