command,mean,stddev,median,user,system,min,max
_build/gsearch analysis /run/media/gadzbi/GryIFilmy/baza_mgr_reduced,18.88328445046,0.19096399774593745,18.884787921660003,13.194588119999997,6.20394476,18.598895853160002,19.23572347716
_build/rg -lcUz analysis /run/media/gadzbi/GryIFilmy/baza_mgr_reduced/*,0.76563712796,0.041486089097604,0.7621765236600001,1.1806069199999996,0.61922196,0.71177516616,0.83614456516
