command,mean,stddev,median,user,system,min,max
_build/gsearch 'book desc' /run/media/gadzbi/GryIFilmy/baza_mgr_reduced,18.916769088339997,0.5162741966007814,18.795964192439996,13.19685484,6.169894440000001,18.28719734294,19.91934382394
_build/rg -lcUz 'book desc' /run/media/gadzbi/GryIFilmy/baza_mgr_reduced/*,0.62396489284,0.007851351947769116,0.62203244594,1.0523397399999999,0.5572767399999999,0.61453227694,0.63817601894
