command,mean,stddev,median,user,system,min,max
_build/gsearch informatyka /run/media/gadzbi/GryIFilmy/baza_mgr_reduced,18.5046544439,0.17920383136563042,18.486181629500003,12.948838579999997,6.06352014,18.2601974075,18.8368843965
_build/rg -lcUz informatyka /run/media/gadzbi/GryIFilmy/baza_mgr_reduced/*,0.6782059222000001,0.04570502275958309,0.6694836590000001,1.08317808,0.57827824,0.6232588115000001,0.7504867285000001
