command,mean,stddev,median,user,system,min,max
_build/gsearch main /run/media/gadzbi/GryIFilmy/baza_mgr_reduced,19.78817344134,0.20913605765611032,19.88644659304,14.011219559999997,6.2996639,19.445339961040002,20.05600696404
_build/rg -lcUz main /run/media/gadzbi/GryIFilmy/baza_mgr_reduced/*,0.69975840454,0.02174176683244841,0.69109050254,1.1454704599999999,0.5799506000000001,0.6801080460400001,0.7469253690400001
