command,mean,stddev,median,user,system,min,max
_build/gsearch wan /run/media/gadzbi/GryIFilmy/baza_mgr_reduced,20.081044353359996,0.4395975771554202,19.993854097659998,14.43252862,6.1568406200000005,19.61220296766,20.84627503166
_build/rg -lcUz wan /run/media/gadzbi/GryIFilmy/baza_mgr_reduced/*,0.6393700976599999,0.007651709374308371,0.63782803816,1.0543176199999997,0.58893332,0.62742487166,0.65324739066
