command,mean,stddev,median,user,system,min,max
_build/gsearch wInDoW /run/media/gadzbi/GryIFilmy/baza_mgr_reduced,19.030625487819997,0.31574787264281207,19.030768804719997,13.34449158,6.204325819999999,18.61916690422,19.662716637219997
_build/rg -lcUzi wInDoW /run/media/gadzbi/GryIFilmy/baza_mgr_reduced/*,0.91320027532,0.013702918973297243,0.9155514682200001,1.45488848,0.5326633199999999,0.8849755702200001,0.93630876222
