command,mean,stddev,median,user,system,min,max
_build/gsearch window /run/media/gadzbi/GryIFilmy/baza_mgr_reduced,19.25416691472,0.21635912584660782,19.222714357820003,13.54996764,6.2128546,18.99736792432,19.66110110032
_build/rg -lcUz window /run/media/gadzbi/GryIFilmy/baza_mgr_reduced/*,0.6708412953200001,0.04320545697230668,0.6543810733200001,1.1219638399999998,0.5802259999999999,0.64004259232,0.76285112332
